"state","year","shootings_total","shootings_black","shootings_white","shootings_other","pop_total","pop_black","pop_white","pop_other","rate_total","rate_black","rate_white","rate_other","control_totpop","control_blackshare","yr_2015","yr_2016","yr_2017","yr_2018","yr_2019","yr_2020","region"
"AK",2015,4,NA,2,2,737438,36711,507912,192815,5.42418481282494e-06,NA,2.71209240641247e-06,2.71209240641247e-06,737438,0.0497818121659041,1,0,0,0,0,0,"west"
"AK",2016,7,NA,3,4,737438,36711,507912,192815,9.49232342244365e-06,NA,4.06813860961871e-06,5.42418481282494e-06,737438,0.0497818121659041,0,1,0,0,0,0,"west"
"AK",2017,8,1,5,2,737438,36711,507912,192815,1.08483696256499e-05,1.35604620320624e-06,6.78023101603118e-06,2.71209240641247e-06,737438,0.0497818121659041,0,0,1,0,0,0,"west"
"AK",2018,7,1,3,3,737438,36711,507912,192815,9.49232342244365e-06,1.35604620320624e-06,4.06813860961871e-06,4.06813860961871e-06,737438,0.0497818121659041,0,0,0,1,0,0,"west"
"AK",2019,7,1,4,2,737438,36711,507912,192815,9.49232342244365e-06,1.35604620320624e-06,5.42418481282494e-06,2.71209240641247e-06,737438,0.0497818121659041,0,0,0,0,1,0,"west"
"AK",2020,7,NA,5,2,737438,36711,507912,192815,9.49232342244365e-06,NA,6.78023101603118e-06,2.71209240641247e-06,737438,0.0497818121659041,0,0,0,0,0,1,"west"
"AL",2015,17,6,11,NA,4887871,1338846,3426745,122280,3.47799686202848e-06,1.22752830424535e-06,2.25046855778313e-06,NA,4887871,0.273911893337611,1,0,0,0,0,0,"south"
"AL",2016,25,6,17,2,4887871,1338846,3426745,122280,5.11470126768894e-06,1.22752830424535e-06,3.47799686202848e-06,4.09176101415115e-07,4887871,0.273911893337611,0,1,0,0,0,0,"south"
"AL",2017,25,6,14,5,4887871,1338846,3426745,122280,5.11470126768894e-06,1.22752830424535e-06,2.86423270990581e-06,1.02294025353779e-06,4887871,0.273911893337611,0,0,1,0,0,0,"south"
"AL",2018,13,3,9,1,4887871,1338846,3426745,122280,2.65964465919825e-06,6.13764152122673e-07,1.84129245636802e-06,2.04588050707558e-07,4887871,0.273911893337611,0,0,0,1,0,0,"south"
"AL",2019,11,7,4,NA,4887871,1338846,3426745,122280,2.25046855778313e-06,1.4321163549529e-06,8.1835220283023e-07,NA,4887871,0.273911893337611,0,0,0,0,1,0,"south"
"AL",2020,14,3,8,3,4887871,1338846,3426745,122280,2.86423270990581e-06,6.13764152122673e-07,1.63670440566046e-06,6.13764152122673e-07,4887871,0.273911893337611,0,0,0,0,0,1,"south"
"AR",2015,5,1,3,1,3013825,489759,2424998,99068,1.65902134330958e-06,3.31804268661916e-07,9.95412805985749e-07,3.31804268661916e-07,3013825,0.162504126815591,1,0,0,0,0,0,"south"
"AR",2016,15,2,10,3,3013825,489759,2424998,99068,4.97706402992875e-06,6.63608537323833e-07,3.31804268661916e-06,9.95412805985749e-07,3013825,0.162504126815591,0,1,0,0,0,0,"south"
"AR",2017,12,4,5,3,3013825,489759,2424998,99068,3.981651223943e-06,1.32721707464767e-06,1.65902134330958e-06,9.95412805985749e-07,3013825,0.162504126815591,0,0,1,0,0,0,"south"
"AR",2018,20,7,13,NA,3013825,489759,2424998,99068,6.63608537323833e-06,2.32262988063341e-06,4.31345549260491e-06,NA,3013825,0.162504126815591,0,0,0,1,0,0,"south"
"AR",2019,21,8,9,4,3013825,489759,2424998,99068,6.96788964190024e-06,2.65443414929533e-06,2.98623841795725e-06,1.32721707464767e-06,3013825,0.162504126815591,0,0,0,0,1,0,"south"
"AR",2020,11,3,7,1,3013825,489759,2424998,99068,3.64984695528108e-06,9.95412805985749e-07,2.32262988063341e-06,3.31804268661916e-07,3013825,0.162504126815591,0,0,0,0,0,1,"south"
"AZ",2015,42,1,27,14,7171646,413873,6039570,718203,5.85639614671444e-06,1.39438003493201e-07,3.76482609431642e-06,1.95213204890481e-06,7171646,0.0577096248197415,1,0,0,0,0,0,"west"
"AZ",2016,50,2,20,28,7171646,413873,6039570,718203,6.97190017466004e-06,2.78876006986402e-07,2.78876006986402e-06,3.90426409780962e-06,7171646,0.0577096248197415,0,1,0,0,0,0,"west"
"AZ",2017,44,5,19,20,7171646,413873,6039570,718203,6.13527215370084e-06,6.97190017466004e-07,2.64932206637082e-06,2.78876006986402e-06,7171646,0.0577096248197415,0,0,1,0,0,0,"west"
"AZ",2018,62,5,25,32,7171646,413873,6039570,718203,8.64515621657845e-06,6.97190017466004e-07,3.48595008733002e-06,4.46201611178243e-06,7171646,0.0577096248197415,0,0,0,1,0,0,"west"
"AZ",2019,35,3,9,23,7171646,413873,6039570,718203,4.88033012226203e-06,4.18314010479603e-07,1.25494203143881e-06,3.20707408034362e-06,7171646,0.0577096248197415,0,0,0,0,1,0,"west"
"AZ",2020,29,1,9,19,7171646,413873,6039570,718203,4.04370210130283e-06,1.39438003493201e-07,1.25494203143881e-06,2.64932206637082e-06,7171646,0.0577096248197415,0,0,0,0,0,1,"west"
"CA",2015,190,34,58,98,39557045,2851095,29301825,7404125,4.80318992482881e-06,8.5951819707463e-07,1.46623692442143e-06,2.47743480333276e-06,39557045,0.0720755304143674,1,0,0,0,0,0,"west"
"CA",2016,138,21,43,74,39557045,2851095,29301825,7404125,3.48863268224409e-06,5.30878886428448e-07,1.08703771982968e-06,1.87071607598596e-06,39557045,0.0720755304143674,0,1,0,0,0,0,"west"
"CA",2017,161,22,45,94,39557045,2851095,29301825,7404125,4.0700714626181e-06,5.56158833401231e-07,1.13759761377525e-06,2.37631501544162e-06,39557045,0.0720755304143674,0,0,1,0,0,0,"west"
"CA",2018,114,18,28,68,39557045,2851095,29301825,7404125,2.88191395489729e-06,4.55039045510098e-07,7.0783851523793e-07,1.71903639414926e-06,39557045,0.0720755304143674,0,0,0,1,0,0,"west"
"CA",2019,135,24,33,78,39557045,2851095,29301825,7404125,3.41279284132574e-06,6.06718727346798e-07,8.34238250101847e-07,1.97183586387709e-06,39557045,0.0720755304143674,0,0,0,0,1,0,"west"
"CA",2020,115,11,25,79,39557045,2851095,29301825,7404125,2.90719390187007e-06,2.78079416700616e-07,6.31998674319581e-07,1.99711581084988e-06,39557045,0.0720755304143674,0,0,0,0,0,1,"west"
"CO",2015,29,5,11,13,5695564,303260,5050401,341903,5.09168187733471e-06,8.77876185747364e-07,1.9313276086442e-06,2.28247808294315e-06,5695564,0.0532449464179491,1,0,0,0,0,0,"west"
"CO",2016,31,2,17,12,5695564,303260,5050401,341903,5.44283235163366e-06,3.51150474298946e-07,2.98477903154104e-06,2.10690284579367e-06,5695564,0.0532449464179491,0,1,0,0,0,0,"west"
"CO",2017,31,2,14,15,5695564,303260,5050401,341903,5.44283235163366e-06,3.51150474298946e-07,2.45805332009262e-06,2.63362855724209e-06,5695564,0.0532449464179491,0,0,1,0,0,0,"west"
"CO",2018,44,1,23,20,5695564,303260,5050401,341903,7.7253104345768e-06,1.75575237149473e-07,4.03823045443787e-06,3.51150474298946e-06,5695564,0.0532449464179491,0,0,0,1,0,0,"west"
"CO",2019,36,5,15,16,5695564,303260,5050401,341903,6.32070853738102e-06,8.77876185747364e-07,2.63362855724209e-06,2.80920379439157e-06,5695564,0.0532449464179491,0,0,0,0,1,0,"west"
"CO",2020,38,3,19,16,5695564,303260,5050401,341903,6.67185901167997e-06,5.26725711448418e-07,3.33592950583998e-06,2.80920379439157e-06,5695564,0.0532449464179491,0,0,0,0,0,1,"west"
"CT",2015,2,NA,2,NA,3572665,459499,2903404,209762,5.59806195095258e-07,NA,5.59806195095258e-07,NA,3572665,0.128615193420038,1,0,0,0,0,0,"northeast"
"CT",2016,4,NA,3,1,3572665,459499,2903404,209762,1.11961239019052e-06,NA,8.39709292642887e-07,2.79903097547629e-07,3572665,0.128615193420038,0,1,0,0,0,0,"northeast"
"CT",2017,6,1,3,2,3572665,459499,2903404,209762,1.67941858528577e-06,2.79903097547629e-07,8.39709292642887e-07,5.59806195095258e-07,3572665,0.128615193420038,0,0,1,0,0,0,"northeast"
"CT",2018,1,NA,1,NA,3572665,459499,2903404,209762,2.79903097547629e-07,NA,2.79903097547629e-07,NA,3572665,0.128615193420038,0,0,0,1,0,0,"northeast"
"CT",2019,4,1,1,2,3572665,459499,2903404,209762,1.11961239019052e-06,2.79903097547629e-07,2.79903097547629e-07,5.59806195095258e-07,3572665,0.128615193420038,0,0,0,0,1,0,"northeast"
"CT",2020,4,1,1,2,3572665,459499,2903404,209762,1.11961239019052e-06,2.79903097547629e-07,2.79903097547629e-07,5.59806195095258e-07,3572665,0.128615193420038,0,0,0,0,0,1,"northeast"
"DC",2015,4,4,NA,NA,702455,336228,326137,40090,5.69431493832345e-06,5.69431493832345e-06,NA,NA,702455,0.478647030770654,1,0,0,0,0,0,"south"
"DC",2016,5,5,NA,NA,702455,336228,326137,40090,7.11789367290431e-06,7.11789367290431e-06,NA,NA,702455,0.478647030770654,0,1,0,0,0,0,"south"
"DC",2017,2,1,1,NA,702455,336228,326137,40090,2.84715746916173e-06,1.42357873458086e-06,1.42357873458086e-06,NA,702455,0.478647030770654,0,0,1,0,0,0,"south"
"DC",2018,1,1,NA,NA,702455,336228,326137,40090,1.42357873458086e-06,1.42357873458086e-06,NA,NA,702455,0.478647030770654,0,0,0,1,0,0,"south"
"DC",2019,1,1,NA,NA,702455,336228,326137,40090,1.42357873458086e-06,1.42357873458086e-06,NA,NA,702455,0.478647030770654,0,0,0,0,1,0,"south"
"DC",2020,1,1,NA,NA,702455,336228,326137,40090,1.42357873458086e-06,1.42357873458086e-06,NA,NA,702455,0.478647030770654,0,0,0,0,0,1,"south"
"DE",2015,3,1,2,NA,967171,233113,683930,50128,3.10182997629168e-06,1.03394332543056e-06,2.06788665086112e-06,NA,967171,0.241025630421094,1,0,0,0,0,0,"south"
"DE",2016,1,NA,1,NA,967171,233113,683930,50128,1.03394332543056e-06,NA,1.03394332543056e-06,NA,967171,0.241025630421094,0,1,0,0,0,0,"south"
"DE",2017,6,3,2,1,967171,233113,683930,50128,6.20365995258336e-06,3.10182997629168e-06,2.06788665086112e-06,1.03394332543056e-06,967171,0.241025630421094,0,0,1,0,0,0,"south"
"DE",2019,2,NA,NA,2,967171,233113,683930,50128,2.06788665086112e-06,NA,NA,2.06788665086112e-06,967171,0.241025630421094,0,0,0,0,1,0,"south"
"DE",2020,1,1,NA,NA,967171,233113,683930,50128,1.03394332543056e-06,1.03394332543056e-06,NA,NA,967171,0.241025630421094,0,0,0,0,0,1,"south"
"FL",2015,61,26,25,10,21299325,3736443,16721748,841134,2.86394052393679e-06,1.22069596102224e-06,1.17374611636754e-06,4.69498446547015e-07,21299325,0.175425418411147,1,0,0,0,0,0,"south"
"FL",2016,60,16,31,13,21299325,3736443,16721748,841134,2.81699067928209e-06,7.51197514475224e-07,1.45544518429575e-06,6.10347980511119e-07,21299325,0.175425418411147,0,1,0,0,0,0,"south"
"FL",2017,58,18,31,9,21299325,3736443,16721748,841134,2.72309098997269e-06,8.45097203784627e-07,1.45544518429575e-06,4.22548601892313e-07,21299325,0.175425418411147,0,0,1,0,0,0,"south"
"FL",2018,64,20,34,10,21299325,3736443,16721748,841134,3.0047900579009e-06,9.3899689309403e-07,1.59629471825985e-06,4.69498446547015e-07,21299325,0.175425418411147,0,0,0,1,0,0,"south"
"FL",2019,64,16,23,25,21299325,3736443,16721748,841134,3.0047900579009e-06,7.51197514475224e-07,1.07984642705813e-06,1.17374611636754e-06,21299325,0.175425418411147,0,0,0,0,1,0,"south"
"FL",2020,72,19,26,27,21299325,3736443,16721748,841134,3.38038881513851e-06,8.92047048439328e-07,1.22069596102224e-06,1.26764580567694e-06,21299325,0.175425418411147,0,0,0,0,0,1,"south"
"GA",2015,29,10,17,2,10519475,3499496,6466753,553226,2.7567915699215e-06,9.50617782731553e-07,1.61605023064364e-06,1.90123556546311e-07,10519475,0.332668312819794,1,0,0,0,0,0,"south"
"GA",2016,26,10,10,6,10519475,3499496,6466753,553226,2.47160623510204e-06,9.50617782731553e-07,9.50617782731553e-07,5.70370669638932e-07,10519475,0.332668312819794,0,1,0,0,0,0,"south"
"GA",2017,29,9,17,3,10519475,3499496,6466753,553226,2.7567915699215e-06,8.55556004458397e-07,1.61605023064364e-06,2.85185334819466e-07,10519475,0.332668312819794,0,0,1,0,0,0,"south"
"GA",2018,44,23,15,6,10519475,3499496,6466753,553226,4.18271824401883e-06,2.18642090028257e-06,1.42592667409733e-06,5.70370669638932e-07,10519475,0.332668312819794,0,0,0,1,0,0,"south"
"GA",2019,37,9,16,12,10519475,3499496,6466753,553226,3.51728579610674e-06,8.55556004458397e-07,1.52098845237048e-06,1.14074133927786e-06,10519475,0.332668312819794,0,0,0,0,1,0,"south"
"GA",2020,32,16,7,9,10519475,3499496,6466753,553226,3.04197690474097e-06,1.52098845237048e-06,6.65432447912087e-07,8.55556004458397e-07,10519475,0.332668312819794,0,0,0,0,0,1,"south"
"HI",2015,2,1,NA,1,1420492,43434,360646,1016412,1.40796287483492e-06,7.03981437417458e-07,NA,7.03981437417458e-07,1420492,0.0305767297527899,1,0,0,0,0,0,"west"
"HI",2016,6,NA,NA,6,1420492,43434,360646,1016412,4.22388862450475e-06,NA,NA,4.22388862450475e-06,1420492,0.0305767297527899,0,1,0,0,0,0,"west"
"HI",2017,3,NA,1,2,1420492,43434,360646,1016412,2.11194431225237e-06,NA,7.03981437417458e-07,1.40796287483492e-06,1420492,0.0305767297527899,0,0,1,0,0,0,"west"
"HI",2018,11,NA,1,10,1420492,43434,360646,1016412,7.74379581159204e-06,NA,7.03981437417458e-07,7.03981437417458e-06,1420492,0.0305767297527899,0,0,0,1,0,0,"west"
"HI",2019,7,NA,1,6,1420492,43434,360646,1016412,4.92787006192221e-06,NA,7.03981437417458e-07,4.22388862450475e-06,1420492,0.0305767297527899,0,0,0,0,1,0,"west"
"HI",2020,1,NA,NA,1,1420492,43434,360646,1016412,7.03981437417458e-07,NA,NA,7.03981437417458e-07,1420492,0.0305767297527899,0,0,0,0,0,1,"west"
"IA",2015,5,NA,5,NA,3156145,146954,2896007,113184,1.58421111831047e-06,NA,1.58421111831047e-06,NA,3156145,0.0465612321360394,1,0,0,0,0,0,"midwest"
"IA",2016,5,3,2,NA,3156145,146954,2896007,113184,1.58421111831047e-06,9.50526670986282e-07,6.33684447324188e-07,NA,3156145,0.0465612321360394,0,1,0,0,0,0,"midwest"
"IA",2017,5,1,4,NA,3156145,146954,2896007,113184,1.58421111831047e-06,3.16842223662094e-07,1.26736889464838e-06,NA,3156145,0.0465612321360394,0,0,1,0,0,0,"midwest"
"IA",2018,9,1,8,NA,3156145,146954,2896007,113184,2.85158001295885e-06,3.16842223662094e-07,2.53473778929675e-06,NA,3156145,0.0465612321360394,0,0,0,1,0,0,"midwest"
"IA",2019,5,1,4,NA,3156145,146954,2896007,113184,1.58421111831047e-06,3.16842223662094e-07,1.26736889464838e-06,NA,3156145,0.0465612321360394,0,0,0,0,1,0,"midwest"
"IA",2020,7,1,4,2,3156145,146954,2896007,113184,2.21789556563466e-06,3.16842223662094e-07,1.26736889464838e-06,6.33684447324188e-07,3156145,0.0465612321360394,0,0,0,0,0,1,"midwest"
"ID",2015,7,NA,6,1,1754208,22301,1660028,71879,3.99040478666156e-06,NA,3.42034695999562e-06,5.70057826665937e-07,1754208,0.0127128595924771,1,0,0,0,0,0,"west"
"ID",2016,6,NA,4,2,1754208,22301,1660028,71879,3.42034695999562e-06,NA,2.28023130666375e-06,1.14011565333187e-06,1754208,0.0127128595924771,0,1,0,0,0,0,"west"
"ID",2017,6,NA,4,2,1754208,22301,1660028,71879,3.42034695999562e-06,NA,2.28023130666375e-06,1.14011565333187e-06,1754208,0.0127128595924771,0,0,1,0,0,0,"west"
"ID",2018,13,1,10,2,1754208,22301,1660028,71879,7.41075174665718e-06,5.70057826665937e-07,5.70057826665937e-06,1.14011565333187e-06,1754208,0.0127128595924771,0,0,0,1,0,0,"west"
"ID",2019,7,NA,5,2,1754208,22301,1660028,71879,3.99040478666156e-06,NA,2.85028913332969e-06,1.14011565333187e-06,1754208,0.0127128595924771,0,0,0,0,1,0,"west"
"ID",2020,4,NA,2,2,1754208,22301,1660028,71879,2.28023130666375e-06,NA,1.14011565333187e-06,1.14011565333187e-06,1754208,0.0127128595924771,0,0,0,0,0,1,"west"
"IL",2015,21,13,5,3,12741080,1940291,9917646,883143,1.64821192551966e-06,1.02032166817884e-06,3.92431410838014e-07,2.35458846502808e-07,12741080,0.15228622691326,1,0,0,0,0,0,"midwest"
"IL",2016,26,15,9,2,12741080,1940291,9917646,883143,2.04064333635767e-06,1.17729423251404e-06,7.06376539508425e-07,1.56972564335205e-07,12741080,0.15228622691326,0,1,0,0,0,0,"midwest"
"IL",2017,20,10,6,4,12741080,1940291,9917646,883143,1.56972564335205e-06,7.84862821676027e-07,4.70917693005616e-07,3.13945128670411e-07,12741080,0.15228622691326,0,0,1,0,0,0,"midwest"
"IL",2018,20,10,7,3,12741080,1940291,9917646,883143,1.56972564335205e-06,7.84862821676027e-07,5.49403975173219e-07,2.35458846502808e-07,12741080,0.15228622691326,0,0,0,1,0,0,"midwest"
"IL",2019,13,8,1,4,12741080,1940291,9917646,883143,1.02032166817884e-06,6.27890257340822e-07,7.84862821676027e-08,3.13945128670411e-07,12741080,0.15228622691326,0,0,0,0,1,0,"midwest"
"IL",2020,9,4,1,4,12741080,1940291,9917646,883143,7.06376539508425e-07,3.13945128670411e-07,7.84862821676027e-08,3.13945128670411e-07,12741080,0.15228622691326,0,0,0,0,0,1,"midwest"
"IN",2015,19,6,11,2,6691878,713302,5763803,214773,2.83926276002043e-06,8.96609292638031e-07,1.64378370316972e-06,2.98869764212677e-07,6691878,0.106592200276215,1,0,0,0,0,0,"midwest"
"IN",2016,14,4,8,2,6691878,713302,5763803,214773,2.09208834948874e-06,5.97739528425354e-07,1.19547905685071e-06,2.98869764212677e-07,6691878,0.106592200276215,0,1,0,0,0,0,"midwest"
"IN",2017,19,7,11,1,6691878,713302,5763803,214773,2.83926276002043e-06,1.04604417474437e-06,1.64378370316972e-06,1.49434882106338e-07,6691878,0.106592200276215,0,0,1,0,0,0,"midwest"
"IN",2018,18,5,12,1,6691878,713302,5763803,214773,2.68982787791409e-06,7.47174410531692e-07,1.79321858527606e-06,1.49434882106338e-07,6691878,0.106592200276215,0,0,0,1,0,0,"midwest"
"IN",2019,16,3,11,2,6691878,713302,5763803,214773,2.39095811370142e-06,4.48304646319015e-07,1.64378370316972e-06,2.98869764212677e-07,6691878,0.106592200276215,0,0,0,0,1,0,"midwest"
"IN",2020,15,5,6,4,6691878,713302,5763803,214773,2.24152323159508e-06,7.47174410531692e-07,8.96609292638031e-07,5.97739528425354e-07,6691878,0.106592200276215,0,0,0,0,0,1,"midwest"
"KS",2015,9,NA,7,2,2911505,207156,2559361,144988,3.09118479961395e-06,NA,2.40425484414418e-06,6.86929955469766e-07,2911505,0.0711508309276474,1,0,0,0,0,0,"midwest"
"KS",2016,10,1,9,NA,2911505,207156,2559361,144988,3.43464977734883e-06,3.43464977734883e-07,3.09118479961395e-06,NA,2911505,0.0711508309276474,0,1,0,0,0,0,"midwest"
"KS",2017,12,2,6,4,2911505,207156,2559361,144988,4.12157973281859e-06,6.86929955469766e-07,2.0607898664093e-06,1.37385991093953e-06,2911505,0.0711508309276474,0,0,1,0,0,0,"midwest"
"KS",2018,7,2,2,3,2911505,207156,2559361,144988,2.40425484414418e-06,6.86929955469766e-07,6.86929955469766e-07,1.03039493320465e-06,2911505,0.0711508309276474,0,0,0,1,0,0,"midwest"
"KS",2019,9,1,8,NA,2911505,207156,2559361,144988,3.09118479961395e-06,3.43464977734883e-07,2.74771982187906e-06,NA,2911505,0.0711508309276474,0,0,0,0,1,0,"midwest"
"KS",2020,5,NA,3,2,2911505,207156,2559361,144988,1.71732488867441e-06,NA,1.03039493320465e-06,6.86929955469766e-07,2911505,0.0711508309276474,0,0,0,0,0,1,"midwest"
"KY",2015,16,4,10,2,4468402,405485,3966164,96753,3.58069842417938e-06,8.95174606044846e-07,2.23793651511211e-06,4.47587303022423e-07,4468402,0.0907449687830235,1,0,0,0,0,0,"south"
"KY",2016,18,2,15,1,4468402,405485,3966164,96753,4.02828572720181e-06,4.47587303022423e-07,3.35690477266817e-06,2.23793651511211e-07,4468402,0.0907449687830235,0,1,0,0,0,0,"south"
"KY",2017,17,1,16,NA,4468402,405485,3966164,96753,3.80449207569059e-06,2.23793651511211e-07,3.58069842417938e-06,NA,4468402,0.0907449687830235,0,0,1,0,0,0,"south"
"KY",2018,20,2,14,4,4468402,405485,3966164,96753,4.47587303022423e-06,4.47587303022423e-07,3.13311112115696e-06,8.95174606044846e-07,4468402,0.0907449687830235,0,0,0,1,0,0,"south"
"KY",2019,15,4,8,3,4468402,405485,3966164,96753,3.35690477266817e-06,8.95174606044846e-07,1.79034921208969e-06,6.71380954533634e-07,4468402,0.0907449687830235,0,0,0,0,1,0,"south"
"KY",2020,17,2,10,5,4468402,405485,3966164,96753,3.80449207569059e-06,4.47587303022423e-07,2.23793651511211e-06,1.11896825755606e-06,4468402,0.0907449687830235,0,0,0,0,0,1,"south"
"LA",2015,27,14,11,2,4659978,1557173,2968719,134086,5.7940187700457e-06,3.00430602891258e-06,2.36052616557417e-06,4.2918657555894e-07,4659978,0.334158873711421,1,0,0,0,0,0,"south"
"LA",2016,19,11,7,1,4659978,1557173,2968719,134086,4.07727246780993e-06,2.36052616557417e-06,1.50215301445629e-06,2.1459328777947e-07,4659978,0.334158873711421,0,1,0,0,0,0,"south"
"LA",2017,19,11,6,2,4659978,1557173,2968719,134086,4.07727246780993e-06,2.36052616557417e-06,1.28755972667682e-06,4.2918657555894e-07,4659978,0.334158873711421,0,0,1,0,0,0,"south"
"LA",2018,15,4,10,1,4659978,1557173,2968719,134086,3.21889931669205e-06,8.58373151117881e-07,2.1459328777947e-06,2.1459328777947e-07,4659978,0.334158873711421,0,0,0,1,0,0,"south"
"LA",2019,20,17,2,1,4659978,1557173,2968719,134086,4.2918657555894e-06,3.64808589225099e-06,4.2918657555894e-07,2.1459328777947e-07,4659978,0.334158873711421,0,0,0,0,1,0,"south"
"LA",2020,16,8,5,3,4659978,1557173,2968719,134086,3.43349260447152e-06,1.71674630223576e-06,1.07296643889735e-06,6.43779863338411e-07,4659978,0.334158873711421,0,0,0,0,0,1,"south"
"MA",2015,9,2,5,2,6902149,669506,5670599,562044,1.3039417143849e-06,2.89764825418866e-07,7.24412063547165e-07,2.89764825418866e-07,6902149,0.0969996446034416,1,0,0,0,0,0,"northeast"
"MA",2016,12,5,4,3,6902149,669506,5670599,562044,1.7385889525132e-06,7.24412063547165e-07,5.79529650837732e-07,4.34647238128299e-07,6902149,0.0969996446034416,0,1,0,0,0,0,"northeast"
"MA",2017,3,NA,2,1,6902149,669506,5670599,562044,4.34647238128299e-07,NA,2.89764825418866e-07,1.44882412709433e-07,6902149,0.0969996446034416,0,0,1,0,0,0,"northeast"
"MA",2018,3,NA,3,NA,6902149,669506,5670599,562044,4.34647238128299e-07,NA,4.34647238128299e-07,NA,6902149,0.0969996446034416,0,0,0,1,0,0,"northeast"
"MA",2019,5,1,NA,4,6902149,669506,5670599,562044,7.24412063547165e-07,1.44882412709433e-07,NA,5.79529650837732e-07,6902149,0.0969996446034416,0,0,0,0,1,0,"northeast"
"MA",2020,3,NA,3,NA,6902149,669506,5670599,562044,4.34647238128299e-07,NA,4.34647238128299e-07,NA,6902149,0.0969996446034416,0,0,0,0,0,1,"northeast"
"MD",2015,15,12,3,NA,6042718,1932392,3628187,482139,2.48232666161155e-06,1.98586132928924e-06,4.96465332322309e-07,NA,6042718,0.319788545485657,1,0,0,0,0,0,"south"
"MD",2016,15,9,5,1,6042718,1932392,3628187,482139,2.48232666161155e-06,1.48939599696693e-06,8.27442220537182e-07,1.65488444107436e-07,6042718,0.319788545485657,0,1,0,0,0,0,"south"
"MD",2017,9,4,5,NA,6042718,1932392,3628187,482139,1.48939599696693e-06,6.61953776429746e-07,8.27442220537182e-07,NA,6042718,0.319788545485657,0,0,1,0,0,0,"south"
"MD",2018,12,8,2,2,6042718,1932392,3628187,482139,1.98586132928924e-06,1.32390755285949e-06,3.30976888214873e-07,3.30976888214873e-07,6042718,0.319788545485657,0,0,0,1,0,0,"south"
"MD",2019,19,10,7,2,6042718,1932392,3628187,482139,3.14428043804129e-06,1.65488444107436e-06,1.15841910875205e-06,3.30976888214873e-07,6042718,0.319788545485657,0,0,0,0,1,0,"south"
"MD",2020,11,4,4,3,6042718,1932392,3628187,482139,1.8203728851818e-06,6.61953776429746e-07,6.61953776429746e-07,4.96465332322309e-07,6042718,0.319788545485657,0,0,0,0,0,1,"south"
"ME",2015,2,NA,2,NA,1338404,26619,1281687,30098,1.49431711202298e-06,NA,1.49431711202298e-06,NA,1338404,0.0198886136024698,1,0,0,0,0,0,"northeast"
"ME",2016,2,NA,1,1,1338404,26619,1281687,30098,1.49431711202298e-06,NA,7.47158556011488e-07,7.47158556011488e-07,1338404,0.0198886136024698,0,1,0,0,0,0,"northeast"
"ME",2017,9,1,8,NA,1338404,26619,1281687,30098,6.72442700410339e-06,7.47158556011488e-07,5.97726844809191e-06,NA,1338404,0.0198886136024698,0,0,1,0,0,0,"northeast"
"ME",2018,3,NA,2,1,1338404,26619,1281687,30098,2.24147566803446e-06,NA,1.49431711202298e-06,7.47158556011488e-07,1338404,0.0198886136024698,0,0,0,1,0,0,"northeast"
"ME",2019,3,NA,2,1,1338404,26619,1281687,30098,2.24147566803446e-06,NA,1.49431711202298e-06,7.47158556011488e-07,1338404,0.0198886136024698,0,0,0,0,1,0,"northeast"
"ME",2020,3,NA,3,NA,1338404,26619,1281687,30098,2.24147566803446e-06,NA,2.24147566803446e-06,NA,1338404,0.0198886136024698,0,0,0,0,0,1,"northeast"
"MI",2015,16,6,10,NA,9995915,1496029,8041198,458688,1.60065386710471e-06,6.00245200164267e-07,1.00040866694045e-06,NA,9995915,0.149664037759425,1,0,0,0,0,0,"midwest"
"MI",2016,12,5,6,1,9995915,1496029,8041198,458688,1.20049040032853e-06,5.00204333470223e-07,6.00245200164267e-07,1.00040866694045e-07,9995915,0.149664037759425,0,1,0,0,0,0,"midwest"
"MI",2017,14,5,7,2,9995915,1496029,8041198,458688,1.40057213371662e-06,5.00204333470223e-07,7.00286066858312e-07,2.00081733388089e-07,9995915,0.149664037759425,0,0,1,0,0,0,"midwest"
"MI",2018,21,5,11,5,9995915,1496029,8041198,458688,2.10085820057493e-06,5.00204333470223e-07,1.10044953363449e-06,5.00204333470223e-07,9995915,0.149664037759425,0,0,0,1,0,0,"midwest"
"MI",2019,13,3,7,3,9995915,1496029,8041198,458688,1.30053126702258e-06,3.00122600082134e-07,7.00286066858312e-07,3.00122600082134e-07,9995915,0.149664037759425,0,0,0,0,1,0,"midwest"
"MI",2020,10,2,6,2,9995915,1496029,8041198,458688,1.00040866694045e-06,2.00081733388089e-07,6.00245200164267e-07,2.00081733388089e-07,9995915,0.149664037759425,0,0,0,0,0,1,"midwest"
"MN",2015,12,3,8,1,5611179,423054,4791431,396694,2.13858798658891e-06,5.34646996647229e-07,1.42572532439261e-06,1.78215665549076e-07,5611179,0.0753948501731989,1,0,0,0,0,0,"midwest"
"MN",2016,14,2,9,3,5611179,423054,4791431,396694,2.49501931768707e-06,3.56431331098152e-07,1.60394098994169e-06,5.34646996647229e-07,5611179,0.0753948501731989,0,1,0,0,0,0,"midwest"
"MN",2017,9,1,6,2,5611179,423054,4791431,396694,1.60394098994169e-06,1.78215665549076e-07,1.06929399329446e-06,3.56431331098152e-07,5611179,0.0753948501731989,0,0,1,0,0,0,"midwest"
"MN",2018,12,2,7,3,5611179,423054,4791431,396694,2.13858798658891e-06,3.56431331098152e-07,1.24750965884353e-06,5.34646996647229e-07,5611179,0.0753948501731989,0,0,0,1,0,0,"midwest"
"MN",2019,11,2,4,5,5611179,423054,4791431,396694,1.96037232103984e-06,3.56431331098152e-07,7.12862662196305e-07,8.91078327745381e-07,5611179,0.0753948501731989,0,0,0,0,1,0,"midwest"
"MN",2020,6,NA,6,NA,5611179,423054,4791431,396694,1.06929399329446e-06,NA,1.06929399329446e-06,NA,5611179,0.0753948501731989,0,0,0,0,0,1,"midwest"
"MO",2015,21,8,13,NA,6126452,772024,5156415,198013,3.42775883986359e-06,1.30581289137661e-06,2.12194594848699e-06,NA,6126452,0.126014861456517,1,0,0,0,0,0,"midwest"
"MO",2016,21,7,11,3,6126452,772024,5156415,198013,3.42775883986359e-06,1.14258627995453e-06,1.79549272564284e-06,4.89679834266228e-07,6126452,0.126014861456517,0,1,0,0,0,0,"midwest"
"MO",2017,31,13,17,1,6126452,772024,5156415,198013,5.06002495408435e-06,2.12194594848699e-06,2.77485239417529e-06,1.63226611422076e-07,6126452,0.126014861456517,0,0,1,0,0,0,"midwest"
"MO",2018,24,7,12,5,6126452,772024,5156415,198013,3.91743867412982e-06,1.14258627995453e-06,1.95871933706491e-06,8.1613305711038e-07,6126452,0.126014861456517,0,0,0,1,0,0,"midwest"
"MO",2019,28,11,12,5,6126452,772024,5156415,198013,4.57034511981813e-06,1.79549272564284e-06,1.95871933706491e-06,8.1613305711038e-07,6126452,0.126014861456517,0,0,0,0,1,0,"midwest"
"MO",2020,21,3,8,10,6126452,772024,5156415,198013,3.42775883986359e-06,4.89679834266228e-07,1.30581289137661e-06,1.63226611422076e-06,6126452,0.126014861456517,0,0,0,0,0,1,"midwest"
"MS",2015,8,1,7,NA,2986530,1145398,1785077,56055,2.67869400273896e-06,3.34836750342371e-07,2.34385725239659e-06,NA,2986530,0.383521344168651,1,0,0,0,0,0,"south"
"MS",2016,8,4,4,NA,2986530,1145398,1785077,56055,2.67869400273896e-06,1.33934700136948e-06,1.33934700136948e-06,NA,2986530,0.383521344168651,0,1,0,0,0,0,"south"
"MS",2017,17,7,9,1,2986530,1145398,1785077,56055,5.6922247558203e-06,2.34385725239659e-06,3.01353075308134e-06,3.34836750342371e-07,2986530,0.383521344168651,0,0,1,0,0,0,"south"
"MS",2018,10,5,4,1,2986530,1145398,1785077,56055,3.34836750342371e-06,1.67418375171185e-06,1.33934700136948e-06,3.34836750342371e-07,2986530,0.383521344168651,0,0,0,1,0,0,"south"
"MS",2019,18,5,10,3,2986530,1145398,1785077,56055,6.02706150616267e-06,1.67418375171185e-06,3.34836750342371e-06,1.00451025102711e-06,2986530,0.383521344168651,0,0,0,0,1,0,"south"
"MS",2020,6,1,3,2,2986530,1145398,1785077,56055,2.00902050205422e-06,3.34836750342371e-07,1.00451025102711e-06,6.69673500684741e-07,2986530,0.383521344168651,0,0,0,0,0,1,"south"
"MT",2015,4,NA,4,NA,1062305,10321,962460,89524,3.76539694343903e-06,NA,3.76539694343903e-06,NA,1062305,0.00971566546330856,1,0,0,0,0,0,"west"
"MT",2016,5,NA,5,NA,1062305,10321,962460,89524,4.70674617929879e-06,NA,4.70674617929879e-06,NA,1062305,0.00971566546330856,0,1,0,0,0,0,"west"
"MT",2017,6,NA,3,3,1062305,10321,962460,89524,5.64809541515855e-06,NA,2.82404770757927e-06,2.82404770757927e-06,1062305,0.00971566546330856,0,0,1,0,0,0,"west"
"MT",2018,6,NA,5,1,1062305,10321,962460,89524,5.64809541515855e-06,NA,4.70674617929879e-06,9.41349235859758e-07,1062305,0.00971566546330856,0,0,0,1,0,0,"west"
"MT",2019,6,NA,6,NA,1062305,10321,962460,89524,5.64809541515855e-06,NA,5.64809541515855e-06,NA,1062305,0.00971566546330856,0,0,0,0,1,0,"west"
"MT",2020,7,NA,3,4,1062305,10321,962460,89524,6.5894446510183e-06,NA,2.82404770757927e-06,3.76539694343903e-06,1062305,0.00971566546330856,0,0,0,0,0,1,"west"
"NC",2015,22,7,15,NA,10383620,2394548,7451579,537493,2.11872160190762e-06,6.74138691516061e-07,1.44458291039156e-06,NA,10383620,0.230608207927486,1,0,0,0,0,0,"south"
"NC",2016,33,13,17,3,10383620,2394548,7451579,537493,3.17808240286143e-06,1.25197185567268e-06,1.63719396511043e-06,2.88916582078312e-07,10383620,0.230608207927486,0,1,0,0,0,0,"south"
"NC",2017,22,9,11,2,10383620,2394548,7451579,537493,2.11872160190762e-06,8.66749746234935e-07,1.05936080095381e-06,1.92611054718875e-07,10383620,0.230608207927486,0,0,1,0,0,0,"south"
"NC",2018,25,7,15,3,10383620,2394548,7451579,537493,2.40763818398593e-06,6.74138691516061e-07,1.44458291039156e-06,2.88916582078312e-07,10383620,0.230608207927486,0,0,0,1,0,0,"south"
"NC",2019,34,11,18,5,10383620,2394548,7451579,537493,3.27438793022087e-06,1.05936080095381e-06,1.73349949246987e-06,4.81527636797186e-07,10383620,0.230608207927486,0,0,0,0,1,0,"south"
"NC",2020,32,6,18,8,10383620,2394548,7451579,537493,3.08177687550199e-06,5.77833164156624e-07,1.73349949246987e-06,7.70444218875498e-07,10383620,0.230608207927486,0,0,0,0,0,1,"south"
"ND",2015,1,NA,NA,1,760077,29102,670697,60278,1.31565617693997e-06,NA,NA,1.31565617693997e-06,760077,0.0382882260613069,1,0,0,0,0,0,"midwest"
"ND",2016,1,NA,1,NA,760077,29102,670697,60278,1.31565617693997e-06,NA,1.31565617693997e-06,NA,760077,0.0382882260613069,0,1,0,0,0,0,"midwest"
"ND",2017,3,NA,NA,3,760077,29102,670697,60278,3.9469685308199e-06,NA,NA,3.9469685308199e-06,760077,0.0382882260613069,0,0,1,0,0,0,"midwest"
"ND",2018,4,NA,4,NA,760077,29102,670697,60278,5.26262470775987e-06,NA,5.26262470775987e-06,NA,760077,0.0382882260613069,0,0,0,1,0,0,"midwest"
"ND",2020,3,NA,1,2,760077,29102,670697,60278,3.9469685308199e-06,NA,1.31565617693997e-06,2.63131235387994e-06,760077,0.0382882260613069,0,0,0,0,0,1,"midwest"
"NE",2015,8,1,7,NA,1929268,113369,1725837,90062,4.14665043944128e-06,5.1833130493016e-07,3.62831913451112e-06,NA,1929268,0.0587627017086273,1,0,0,0,0,0,"midwest"
"NE",2016,7,2,5,NA,1929268,113369,1725837,90062,3.62831913451112e-06,1.03666260986032e-06,2.5916565246508e-06,NA,1929268,0.0587627017086273,0,1,0,0,0,0,"midwest"
"NE",2018,1,1,NA,NA,1929268,113369,1725837,90062,5.1833130493016e-07,5.1833130493016e-07,NA,NA,1929268,0.0587627017086273,0,0,0,1,0,0,"midwest"
"NE",2019,6,1,2,3,1929268,113369,1725837,90062,3.10998782958096e-06,5.1833130493016e-07,1.03666260986032e-06,1.55499391479048e-06,1929268,0.0587627017086273,0,0,0,0,1,0,"midwest"
"NE",2020,3,NA,2,1,1929268,113369,1725837,90062,1.55499391479048e-06,NA,1.03666260986032e-06,5.1833130493016e-07,1929268,0.0587627017086273,0,0,0,0,0,1,"midwest"
"NH",2015,3,NA,3,NA,1356458,28212,1279355,48891,2.21164238037595e-06,NA,2.21164238037595e-06,NA,1356458,0.0207982849450554,1,0,0,0,0,0,"northeast"
"NH",2016,2,NA,2,NA,1356458,28212,1279355,48891,1.47442825358397e-06,NA,1.47442825358397e-06,NA,1356458,0.0207982849450554,0,1,0,0,0,0,"northeast"
"NH",2017,3,NA,2,1,1356458,28212,1279355,48891,2.21164238037595e-06,NA,1.47442825358397e-06,7.37214126791983e-07,1356458,0.0207982849450554,0,0,1,0,0,0,"northeast"
"NH",2018,2,NA,2,NA,1356458,28212,1279355,48891,1.47442825358397e-06,NA,1.47442825358397e-06,NA,1356458,0.0207982849450554,0,0,0,1,0,0,"northeast"
"NH",2019,2,NA,2,NA,1356458,28212,1279355,48891,1.47442825358397e-06,NA,1.47442825358397e-06,NA,1356458,0.0207982849450554,0,0,0,0,1,0,"northeast"
"NH",2020,1,NA,1,NA,1356458,28212,1279355,48891,7.37214126791983e-07,NA,7.37214126791983e-07,NA,1356458,0.0207982849450554,0,0,0,0,0,1,"northeast"
"NJ",2015,15,4,7,4,8908520,1404125,6511007,993388,1.6837813688469e-06,4.4900836502584e-07,7.85764638795221e-07,4.4900836502584e-07,8908520,0.157615967635477,1,0,0,0,0,0,"northeast"
"NJ",2016,12,7,3,2,8908520,1404125,6511007,993388,1.34702509507752e-06,7.85764638795221e-07,3.3675627376938e-07,2.2450418251292e-07,8908520,0.157615967635477,0,1,0,0,0,0,"northeast"
"NJ",2017,12,5,2,5,8908520,1404125,6511007,993388,1.34702509507752e-06,5.61260456282301e-07,2.2450418251292e-07,5.61260456282301e-07,8908520,0.157615967635477,0,0,1,0,0,0,"northeast"
"NJ",2018,12,6,5,1,8908520,1404125,6511007,993388,1.34702509507752e-06,6.73512547538761e-07,5.61260456282301e-07,1.1225209125646e-07,8908520,0.157615967635477,0,0,0,1,0,0,"northeast"
"NJ",2019,12,6,3,3,8908520,1404125,6511007,993388,1.34702509507752e-06,6.73512547538761e-07,3.3675627376938e-07,3.3675627376938e-07,8908520,0.157615967635477,0,0,0,0,1,0,"northeast"
"NJ",2020,8,4,1,3,8908520,1404125,6511007,993388,8.98016730051681e-07,4.4900836502584e-07,1.1225209125646e-07,3.3675627376938e-07,8908520,0.157615967635477,0,0,0,0,0,1,"northeast"
"NM",2015,20,NA,9,11,2095428,64722,1744329,286377,9.54458945857362e-06,NA,4.29506525635813e-06,5.24952420221549e-06,2095428,0.0308872459468901,1,0,0,0,0,0,"west"
"NM",2016,21,NA,6,15,2095428,64722,1744329,286377,1.00218189315023e-05,NA,2.86337683757209e-06,7.15844209393021e-06,2095428,0.0308872459468901,0,1,0,0,0,0,"west"
"NM",2017,21,NA,4,17,2095428,64722,1744329,286377,1.00218189315023e-05,NA,1.90891789171472e-06,8.11290103978758e-06,2095428,0.0308872459468901,0,0,1,0,0,0,"west"
"NM",2018,20,1,4,15,2095428,64722,1744329,286377,9.54458945857362e-06,4.77229472928681e-07,1.90891789171472e-06,7.15844209393021e-06,2095428,0.0308872459468901,0,0,0,1,0,0,"west"
"NM",2019,18,NA,3,15,2095428,64722,1744329,286377,8.59013051271626e-06,NA,1.43168841878604e-06,7.15844209393021e-06,2095428,0.0308872459468901,0,0,0,0,1,0,"west"
"NM",2020,12,NA,1,11,2095428,64722,1744329,286377,5.72675367514417e-06,NA,4.77229472928681e-07,5.24952420221549e-06,2095428,0.0308872459468901,0,0,0,0,0,1,"west"
"NV",2015,19,3,11,5,3034392,341394,2317575,375423,6.26155091365914e-06,9.88665933735654e-07,3.6251084236974e-06,1.64777655622609e-06,3034392,0.11250820592725,1,0,0,0,0,0,"west"
"NV",2016,14,2,4,8,3034392,341394,2317575,375423,4.61377435743305e-06,6.59110622490436e-07,1.31822124498087e-06,2.63644248996175e-06,3034392,0.11250820592725,0,1,0,0,0,0,"west"
"NV",2017,16,2,7,7,3034392,341394,2317575,375423,5.27288497992349e-06,6.59110622490436e-07,2.30688717871653e-06,2.30688717871653e-06,3034392,0.11250820592725,0,0,1,0,0,0,"west"
"NV",2018,22,3,7,12,3034392,341394,2317575,375423,7.2502168473948e-06,9.88665933735654e-07,2.30688717871653e-06,3.95466373494262e-06,3034392,0.11250820592725,0,0,0,1,0,0,"west"
"NV",2019,11,2,3,6,3034392,341394,2317575,375423,3.6251084236974e-06,6.59110622490436e-07,9.88665933735654e-07,1.97733186747131e-06,3034392,0.11250820592725,0,0,0,0,1,0,"west"
"NV",2020,22,3,11,8,3034392,341394,2317575,375423,7.2502168473948e-06,9.88665933735654e-07,3.6251084236974e-06,2.63644248996175e-06,3034392,0.11250820592725,0,0,0,0,0,1,"west"
"NY",2015,19,8,9,2,19542209,3634305,13837347,2070557,9.72254467240628e-07,4.09370301996054e-07,4.6054158974556e-07,1.02342575499013e-07,19542209,0.185972066924471,1,0,0,0,0,0,"northeast"
"NY",2016,17,9,7,1,19542209,3634305,13837347,2070557,8.69911891741614e-07,4.6054158974556e-07,3.58199014246547e-07,5.11712877495067e-08,19542209,0.185972066924471,0,1,0,0,0,0,"northeast"
"NY",2017,16,8,4,4,19542209,3634305,13837347,2070557,8.18740603992108e-07,4.09370301996054e-07,2.04685150998027e-07,2.04685150998027e-07,19542209,0.185972066924471,0,0,1,0,0,0,"northeast"
"NY",2018,15,6,5,4,19542209,3634305,13837347,2070557,7.67569316242601e-07,3.0702772649704e-07,2.55856438747534e-07,2.04685150998027e-07,19542209,0.185972066924471,0,0,0,1,0,0,"northeast"
"NY",2019,23,11,6,6,19542209,3634305,13837347,2070557,1.17693961823865e-06,5.62884165244574e-07,3.0702772649704e-07,3.0702772649704e-07,19542209,0.185972066924471,0,0,0,0,1,0,"northeast"
"NY",2020,15,7,5,3,19542209,3634305,13837347,2070557,7.67569316242601e-07,3.58199014246547e-07,2.55856438747534e-07,1.5351386324852e-07,19542209,0.185972066924471,0,0,0,0,0,1,"northeast"
"OH",2015,29,13,14,2,11689442,1630541,9698709,360192,2.48087119983999e-06,1.11211467579034e-06,1.19766195854344e-06,1.71094565506206e-07,11689442,0.139488351967528,1,0,0,0,0,0,"midwest"
"OH",2016,26,11,12,3,11689442,1630541,9698709,360192,2.22422935158068e-06,9.41020110284135e-07,1.02656739303724e-06,2.5664184825931e-07,11689442,0.139488351967528,0,1,0,0,0,0,"midwest"
"OH",2017,34,11,23,NA,11689442,1630541,9698709,360192,2.90860761360551e-06,9.41020110284135e-07,1.96758750332137e-06,NA,11689442,0.139488351967528,0,0,1,0,0,0,"midwest"
"OH",2018,32,8,20,4,11689442,1630541,9698709,360192,2.7375130480993e-06,6.84378262024825e-07,1.71094565506206e-06,3.42189131012413e-07,11689442,0.139488351967528,0,0,0,1,0,0,"midwest"
"OH",2019,24,9,13,2,11689442,1630541,9698709,360192,2.05313478607448e-06,7.69925544777929e-07,1.11211467579034e-06,1.71094565506206e-07,11689442,0.139488351967528,0,0,0,0,1,0,"midwest"
"OH",2020,14,4,6,4,11689442,1630541,9698709,360192,1.19766195854344e-06,3.42189131012413e-07,5.13283696518619e-07,3.42189131012413e-07,11689442,0.139488351967528,0,0,0,0,0,1,"midwest"
"OK",2015,32,9,20,3,3943079,353715,3056708,532656,8.11548538591289e-06,2.282480264788e-06,5.07217836619555e-06,7.60826754929333e-07,3943079,0.089705278539943,1,0,0,0,0,0,"south"
"OK",2016,26,4,15,7,3943079,353715,3056708,532656,6.59383187605422e-06,1.01443567323911e-06,3.80413377464667e-06,1.77526242816844e-06,3943079,0.089705278539943,0,1,0,0,0,0,"south"
"OK",2017,26,3,14,9,3943079,353715,3056708,532656,6.59383187605422e-06,7.60826754929333e-07,3.55052485633689e-06,2.282480264788e-06,3943079,0.089705278539943,0,0,1,0,0,0,"south"
"OK",2018,33,5,23,5,3943079,353715,3056708,532656,8.36909430422267e-06,1.26804459154889e-06,5.83300512112489e-06,1.26804459154889e-06,3943079,0.089705278539943,0,0,0,1,0,0,"south"
"OK",2019,34,10,18,6,3943079,353715,3056708,532656,8.62270322253244e-06,2.53608918309778e-06,4.564960529576e-06,1.52165350985867e-06,3943079,0.089705278539943,0,0,0,0,1,0,"south"
"OK",2020,20,1,15,4,3943079,353715,3056708,532656,5.07217836619555e-06,2.53608918309778e-07,3.80413377464667e-06,1.01443567323911e-06,3943079,0.089705278539943,0,0,0,0,0,1,"south"
"OR",2015,15,1,13,1,4190713,121398,3728759,340556,3.57934318098137e-06,2.38622878732092e-07,3.10209742351719e-06,2.38622878732092e-07,4190713,0.0289683402323185,1,0,0,0,0,0,"west"
"OR",2016,15,1,13,1,4190713,121398,3728759,340556,3.57934318098137e-06,2.38622878732092e-07,3.10209742351719e-06,2.38622878732092e-07,4190713,0.0289683402323185,0,1,0,0,0,0,"west"
"OR",2017,12,2,7,3,4190713,121398,3728759,340556,2.8634745447851e-06,4.77245757464183e-07,1.67036015112464e-06,7.15868636196275e-07,4190713,0.0289683402323185,0,0,1,0,0,0,"west"
"OR",2018,16,2,12,2,4190713,121398,3728759,340556,3.81796605971347e-06,4.77245757464183e-07,2.8634745447851e-06,4.77245757464183e-07,4190713,0.0289683402323185,0,0,0,1,0,0,"west"
"OR",2019,18,1,13,4,4190713,121398,3728759,340556,4.29521181717765e-06,2.38622878732092e-07,3.10209742351719e-06,9.54491514928367e-07,4190713,0.0289683402323185,0,0,0,0,1,0,"west"
"OR",2020,11,NA,6,5,4190713,121398,3728759,340556,2.62485166605301e-06,NA,1.43173727239255e-06,1.19311439366046e-06,4190713,0.0289683402323185,0,0,0,0,0,1,"west"
"PA",2015,18,8,8,2,12807060,1632313,10609745,565002,1.40547479280959e-06,6.24655463470929e-07,6.24655463470929e-07,1.56163865867732e-07,12807060,0.127454154193078,1,0,0,0,0,0,"northeast"
"PA",2016,22,10,9,3,12807060,1632313,10609745,565002,1.71780252454506e-06,7.80819329338662e-07,7.02737396404795e-07,2.34245798801598e-07,12807060,0.127454154193078,0,1,0,0,0,0,"northeast"
"PA",2017,23,6,13,4,12807060,1632313,10609745,565002,1.79588445747892e-06,4.68491597603197e-07,1.01506512814026e-06,3.12327731735465e-07,12807060,0.127454154193078,0,0,1,0,0,0,"northeast"
"PA",2018,23,9,8,6,12807060,1632313,10609745,565002,1.79588445747892e-06,7.02737396404795e-07,6.24655463470929e-07,4.68491597603197e-07,12807060,0.127454154193078,0,0,0,1,0,0,"northeast"
"PA",2019,14,6,6,2,12807060,1632313,10609745,565002,1.09314706107413e-06,4.68491597603197e-07,4.68491597603197e-07,1.56163865867732e-07,12807060,0.127454154193078,0,0,0,0,1,0,"northeast"
"PA",2020,13,4,5,4,12807060,1632313,10609745,565002,1.01506512814026e-06,3.12327731735465e-07,3.90409664669331e-07,3.12327731735465e-07,12807060,0.127454154193078,0,0,0,0,0,1,"northeast"
"RI",2016,2,1,NA,1,1057315,99936,901715,55664,1.89158387046434e-06,9.45791935232168e-07,NA,9.45791935232168e-07,1057315,0.094518662839362,0,1,0,0,0,0,"northeast"
"RI",2017,1,NA,1,NA,1057315,99936,901715,55664,9.45791935232168e-07,NA,9.45791935232168e-07,NA,1057315,0.094518662839362,0,0,1,0,0,0,"northeast"
"RI",2018,1,1,NA,NA,1057315,99936,901715,55664,9.45791935232168e-07,9.45791935232168e-07,NA,NA,1057315,0.094518662839362,0,0,0,1,0,0,"northeast"
"SC",2015,19,9,10,NA,5084127,1418868,3531746,133513,3.73712143697433e-06,1.77021541751416e-06,1.96690601946017e-06,NA,5084127,0.279078001001942,1,0,0,0,0,0,"south"
"SC",2016,17,4,13,NA,5084127,1418868,3531746,133513,3.3437402330823e-06,7.8676240778407e-07,2.55697782529823e-06,NA,5084127,0.279078001001942,0,1,0,0,0,0,"south"
"SC",2017,12,2,8,2,5084127,1418868,3531746,133513,2.36028722335221e-06,3.93381203892035e-07,1.57352481556814e-06,3.93381203892035e-07,5084127,0.279078001001942,0,0,1,0,0,0,"south"
"SC",2018,12,3,8,1,5084127,1418868,3531746,133513,2.36028722335221e-06,5.90071805838052e-07,1.57352481556814e-06,1.96690601946017e-07,5084127,0.279078001001942,0,0,0,1,0,0,"south"
"SC",2019,18,5,9,4,5084127,1418868,3531746,133513,3.54043083502831e-06,9.83453009730087e-07,1.77021541751416e-06,7.8676240778407e-07,5084127,0.279078001001942,0,0,0,0,1,0,"south"
"SC",2020,15,4,5,6,5084127,1418868,3531746,133513,2.95035902919026e-06,7.8676240778407e-07,9.83453009730087e-07,1.1801436116761e-06,5084127,0.279078001001942,0,0,0,0,0,1,"south"
"SD",2015,3,NA,2,1,882235,25429,755314,101492,3.40045452742183e-06,NA,2.26696968494789e-06,1.13348484247394e-06,882235,0.0288233860592699,1,0,0,0,0,0,"midwest"
"SD",2016,4,NA,3,1,882235,25429,755314,101492,4.53393936989578e-06,NA,3.40045452742183e-06,1.13348484247394e-06,882235,0.0288233860592699,0,1,0,0,0,0,"midwest"
"SD",2017,3,NA,2,1,882235,25429,755314,101492,3.40045452742183e-06,NA,2.26696968494789e-06,1.13348484247394e-06,882235,0.0288233860592699,0,0,1,0,0,0,"midwest"
"SD",2018,3,NA,1,2,882235,25429,755314,101492,3.40045452742183e-06,NA,1.13348484247394e-06,2.26696968494789e-06,882235,0.0288233860592699,0,0,0,1,0,0,"midwest"
"SD",2019,3,NA,2,1,882235,25429,755314,101492,3.40045452742183e-06,NA,2.26696968494789e-06,1.13348484247394e-06,882235,0.0288233860592699,0,0,0,0,1,0,"midwest"
"SD",2020,1,NA,NA,1,882235,25429,755314,101492,1.13348484247394e-06,NA,NA,1.13348484247394e-06,882235,0.0288233860592699,0,0,0,0,0,1,"midwest"
"TN",2015,20,4,13,3,6770010,1198663,5391207,180140,2.954205385221e-06,5.90841077044199e-07,1.92023350039365e-06,4.43130807783149e-07,6770010,0.177054834483258,1,0,0,0,0,0,"south"
"TN",2016,22,3,16,3,6770010,1198663,5391207,180140,3.2496259237431e-06,4.43130807783149e-07,2.3633643081768e-06,4.43130807783149e-07,6770010,0.177054834483258,0,1,0,0,0,0,"south"
"TN",2017,27,4,20,3,6770010,1198663,5391207,180140,3.98817727004835e-06,5.90841077044199e-07,2.954205385221e-06,4.43130807783149e-07,6770010,0.177054834483258,0,0,1,0,0,0,"south"
"TN",2018,26,10,14,2,6770010,1198663,5391207,180140,3.8404670007873e-06,1.4771026926105e-06,2.0679437696547e-06,2.954205385221e-07,6770010,0.177054834483258,0,0,0,1,0,0,"south"
"TN",2019,33,9,20,4,6770010,1198663,5391207,180140,4.87443888561465e-06,1.32939242334945e-06,2.954205385221e-06,5.90841077044199e-07,6770010,0.177054834483258,0,0,0,0,1,0,"south"
"TN",2020,21,2,9,10,6770010,1198663,5391207,180140,3.10191565448205e-06,2.954205385221e-07,1.32939242334945e-06,1.4771026926105e-06,6770010,0.177054834483258,0,0,0,0,0,1,"south"
"TX",2015,100,19,46,35,28701845,3803248,22961663,1936934,3.48409657985401e-06,6.61978350172262e-07,1.60268442673285e-06,1.2194338029489e-06,28701845,0.132508833491366,1,0,0,0,0,0,"south"
"TX",2016,82,17,37,28,28701845,3803248,22961663,1936934,2.85695919548029e-06,5.92296418575182e-07,1.28911573454598e-06,9.75547042359124e-07,28701845,0.132508833491366,0,1,0,0,0,0,"south"
"TX",2017,69,17,22,30,28701845,3803248,22961663,1936934,2.40402664009927e-06,5.92296418575182e-07,7.66501247567883e-07,1.0452289739562e-06,28701845,0.132508833491366,0,0,1,0,0,0,"south"
"TX",2018,85,16,24,45,28701845,3803248,22961663,1936934,2.96148209287591e-06,5.57455452776642e-07,8.36183179164963e-07,1.56784346093431e-06,28701845,0.132508833491366,0,0,0,1,0,0,"south"
"TX",2019,108,21,39,48,28701845,3803248,22961663,1936934,3.76282430624233e-06,7.31660281769343e-07,1.35879766614306e-06,1.67236635832993e-06,28701845,0.132508833491366,0,0,0,0,1,0,"south"
"TX",2020,62,16,14,32,28701845,3803248,22961663,1936934,2.16013987950949e-06,5.57455452776642e-07,4.87773521179562e-07,1.11491090555328e-06,28701845,0.132508833491366,0,0,0,0,0,1,"south"
"UT",2015,10,NA,9,1,3161105,58537,2913538,189030,3.16345075535295e-06,NA,2.84710567981766e-06,3.16345075535295e-07,3161105,0.0185178916866096,1,0,0,0,0,0,"west"
"UT",2016,8,NA,8,NA,3161105,58537,2913538,189030,2.53076060428236e-06,NA,2.53076060428236e-06,NA,3161105,0.0185178916866096,0,1,0,0,0,0,"west"
"UT",2017,7,1,2,4,3161105,58537,2913538,189030,2.21441552874707e-06,3.16345075535295e-07,6.32690151070591e-07,1.26538030214118e-06,3161105,0.0185178916866096,0,0,1,0,0,0,"west"
"UT",2018,19,3,10,6,3161105,58537,2913538,189030,6.01055643517061e-06,9.49035226605886e-07,3.16345075535295e-06,1.89807045321177e-06,3161105,0.0185178916866096,0,0,0,1,0,0,"west"
"UT",2019,12,2,6,4,3161105,58537,2913538,189030,3.79614090642354e-06,6.32690151070591e-07,1.89807045321177e-06,1.26538030214118e-06,3161105,0.0185178916866096,0,0,0,0,1,0,"west"
"UT",2020,14,1,10,3,3161105,58537,2913538,189030,4.42883105749414e-06,3.16345075535295e-07,3.16345075535295e-06,9.49035226605886e-07,3161105,0.0185178916866096,0,0,0,0,0,1,"west"
"VA",2015,18,10,7,1,8517685,1773427,6045867,698391,2.11325025520432e-06,1.17402791955796e-06,8.21819543690568e-07,1.17402791955796e-07,8517685,0.208205281129791,1,0,0,0,0,0,"south"
"VA",2016,17,8,8,1,8517685,1773427,6045867,698391,1.99584746324852e-06,9.39222335646364e-07,9.39222335646364e-07,1.17402791955796e-07,8517685,0.208205281129791,0,1,0,0,0,0,"south"
"VA",2017,23,6,13,4,8517685,1773427,6045867,698391,2.7002642149833e-06,7.04416751734773e-07,1.52623629542534e-06,4.69611167823182e-07,8517685,0.208205281129791,0,0,1,0,0,0,"south"
"VA",2018,18,12,6,NA,8517685,1773427,6045867,698391,2.11325025520432e-06,1.40883350346955e-06,7.04416751734773e-07,NA,8517685,0.208205281129791,0,0,0,1,0,0,"south"
"VA",2019,10,2,7,1,8517685,1773427,6045867,698391,1.17402791955796e-06,2.34805583911591e-07,8.21819543690568e-07,1.17402791955796e-07,8517685,0.208205281129791,0,0,0,0,1,0,"south"
"VA",2020,11,3,4,4,8517685,1773427,6045867,698391,1.29143071151375e-06,3.52208375867386e-07,4.69611167823182e-07,4.69611167823182e-07,8517685,0.208205281129791,0,0,0,0,0,1,"south"
"VT",2015,1,NA,1,NA,626299,11373,598200,16726,1.59668145725923e-06,NA,1.59668145725923e-06,NA,626299,0.0181590582134093,1,0,0,0,0,0,"northeast"
"VT",2016,2,NA,1,1,626299,11373,598200,16726,3.19336291451846e-06,NA,1.59668145725923e-06,1.59668145725923e-06,626299,0.0181590582134093,0,1,0,0,0,0,"northeast"
"VT",2017,1,NA,1,NA,626299,11373,598200,16726,1.59668145725923e-06,NA,1.59668145725923e-06,NA,626299,0.0181590582134093,0,0,1,0,0,0,"northeast"
"VT",2018,2,NA,2,NA,626299,11373,598200,16726,3.19336291451846e-06,NA,3.19336291451846e-06,NA,626299,0.0181590582134093,0,0,0,1,0,0,"northeast"
"VT",2019,3,NA,2,1,626299,11373,598200,16726,4.7900443717777e-06,NA,3.19336291451846e-06,1.59668145725923e-06,626299,0.0181590582134093,0,0,0,0,1,0,"northeast"
"WA",2015,16,NA,12,4,7535591,403402,6128227,1003962,2.12325748571015e-06,NA,1.59244311428261e-06,5.30814371427536e-07,7535591,0.0535328947656528,1,0,0,0,0,0,"west"
"WA",2016,26,4,13,9,7535591,403402,6128227,1003962,3.45029341427899e-06,5.30814371427536e-07,1.72514670713949e-06,1.19433233571196e-06,7535591,0.0535328947656528,0,1,0,0,0,0,"west"
"WA",2017,38,7,14,17,7535591,403402,6128227,1003962,5.0427365285616e-06,9.28925149998189e-07,1.85785029999638e-06,2.25596107856703e-06,7535591,0.0535328947656528,0,0,1,0,0,0,"west"
"WA",2018,22,NA,12,10,7535591,403402,6128227,1003962,2.91947904285145e-06,NA,1.59244311428261e-06,1.32703592856884e-06,7535591,0.0535328947656528,0,0,0,1,0,0,"west"
"WA",2019,36,8,11,17,7535591,403402,6128227,1003962,4.77732934284783e-06,1.06162874285507e-06,1.45973952142572e-06,2.25596107856703e-06,7535591,0.0535328947656528,0,0,0,0,1,0,"west"
"WA",2020,25,2,10,13,7535591,403402,6128227,1003962,3.3175898214221e-06,2.65407185713768e-07,1.32703592856884e-06,1.72514670713949e-06,7535591,0.0535328947656528,0,0,0,0,0,1,"west"
"WI",2015,11,2,7,2,5813568,427026,5121396,265146,1.8921254554862e-06,3.440228100884e-07,1.2040798353094e-06,3.440228100884e-07,5813568,0.0734533422504046,1,0,0,0,0,0,"midwest"
"WI",2016,17,5,12,NA,5813568,427026,5121396,265146,2.9241938857514e-06,8.60057025221e-07,2.0641368605304e-06,NA,5813568,0.0734533422504046,0,1,0,0,0,0,"midwest"
"WI",2017,24,5,15,4,5813568,427026,5121396,265146,4.1282737210608e-06,8.60057025221e-07,2.580171075663e-06,6.880456201768e-07,5813568,0.0734533422504046,0,0,1,0,0,0,"midwest"
"WI",2018,12,3,6,3,5813568,427026,5121396,265146,2.0641368605304e-06,5.160342151326e-07,1.0320684302652e-06,5.160342151326e-07,5813568,0.0734533422504046,0,0,0,1,0,0,"midwest"
"WI",2019,18,3,10,5,5813568,427026,5121396,265146,3.0962052907956e-06,5.160342151326e-07,1.720114050442e-06,8.60057025221e-07,5813568,0.0734533422504046,0,0,0,0,1,0,"midwest"
"WI",2020,14,4,8,2,5813568,427026,5121396,265146,2.4081596706188e-06,6.880456201768e-07,1.3760912403536e-06,3.440228100884e-07,5813568,0.0734533422504046,0,0,0,0,0,1,"midwest"
"WV",2015,10,2,6,2,1805832,75210,1708531,22091,5.537613687209e-06,1.1075227374418e-06,3.3225682123254e-06,1.1075227374418e-06,1805832,0.0416483925414989,1,0,0,0,0,0,"south"
"WV",2016,12,1,10,1,1805832,75210,1708531,22091,6.6451364246508e-06,5.537613687209e-07,5.537613687209e-06,5.537613687209e-07,1805832,0.0416483925414989,0,1,0,0,0,0,"south"
"WV",2017,11,1,8,2,1805832,75210,1708531,22091,6.0913750559299e-06,5.537613687209e-07,4.4300909497672e-06,1.1075227374418e-06,1805832,0.0416483925414989,0,0,1,0,0,0,"south"
"WV",2018,7,2,4,1,1805832,75210,1708531,22091,3.8763295810463e-06,1.1075227374418e-06,2.2150454748836e-06,5.537613687209e-07,1805832,0.0416483925414989,0,0,0,1,0,0,"south"
"WV",2019,13,2,9,2,1805832,75210,1708531,22091,7.1988977933717e-06,1.1075227374418e-06,4.9838523184881e-06,1.1075227374418e-06,1805832,0.0416483925414989,0,0,0,0,1,0,"south"
"WV",2020,3,NA,NA,3,1805832,75210,1708531,22091,1.6612841061627e-06,NA,NA,1.6612841061627e-06,1805832,0.0416483925414989,0,0,0,0,0,1,"south"
"WY",2015,6,NA,4,2,577737,10221,542483,25033,1.0385348350547e-05,NA,6.92356556703137e-06,3.46178278351568e-06,577737,0.0176914409151569,1,0,0,0,0,0,"west"
"WY",2016,2,NA,1,1,577737,10221,542483,25033,3.46178278351568e-06,NA,1.73089139175784e-06,1.73089139175784e-06,577737,0.0176914409151569,0,1,0,0,0,0,"west"
"WY",2017,1,NA,1,NA,577737,10221,542483,25033,1.73089139175784e-06,NA,1.73089139175784e-06,NA,577737,0.0176914409151569,0,0,1,0,0,0,"west"
"WY",2018,4,NA,3,1,577737,10221,542483,25033,6.92356556703137e-06,NA,5.19267417527352e-06,1.73089139175784e-06,577737,0.0176914409151569,0,0,0,1,0,0,"west"
"WY",2019,1,NA,NA,1,577737,10221,542483,25033,1.73089139175784e-06,NA,NA,1.73089139175784e-06,577737,0.0176914409151569,0,0,0,0,1,0,"west"
